scenario_id,anno,categoria,gestione,ccnl,livello,retribuzione_stimata,retribuzione_inserita,mesi_lavorati,percentuale_part_time,imponibile_previdenziale,aliquota_finanziamento,aliquota_computo,quota_lavoratore,quota_datore,contributi_finanziari,accredito_montante,tasso_rivalutazione,montante_fine_anno,fonte,natura_dato,note,indice_anno
scenario_generico_fpld,1996,generica_fpld,FPLD lavoratori dipendenti,Profilo generico,medio,21826.233009998603,21826.233009998603,12.0,100.0,21826.233009998603,0.32899999999999996,0.33,0.0889,0.24009999999999998,7180.830660289539,7202.65689329954,0.062054,7202.65689329954,inps_aliquote_storiche; istat_pil_nominale_sdmx,stimato_calibrato_su_ral,"Aliquota FPLD ponderata sui giorni dell'anno quando cambia nel corso dell'anno. Per il controfattuale prima del 1996 l'aliquota di computo e' approssimata con l'aliquota di finanziamento FPLD. Tasso ufficiale pubblicato (nota ISTAT/Ministero del Lavoro), quello applicato per legge da INPS alla rivalutazione del montante. Override rispetto al ricalcolo dai livelli di PIL nominale correnti, che risente delle revisioni dei conti nazionali. Ricalcolo di controllo: 0.062176.",1
scenario_generico_fpld,1997,generica_fpld,FPLD lavoratori dipendenti,Profilo generico,medio,22262.757670198578,22262.757670198578,12.0,100.0,22262.757670198578,0.32899999999999996,0.33,0.0889,0.24010000000000006,7324.4472734953315,7346.710031165531,0.055871,14951.786567750609,inps_aliquote_storiche; istat_pil_nominale_sdmx,stimato_calibrato_su_ral,"Aliquota FPLD ponderata sui giorni dell'anno quando cambia nel corso dell'anno. Per il controfattuale prima del 1996 l'aliquota di computo e' approssimata con l'aliquota di finanziamento FPLD. Tasso ufficiale pubblicato (nota ISTAT/Ministero del Lavoro), quello applicato per legge da INPS alla rivalutazione del montante. Override rispetto al ricalcolo dai livelli di PIL nominale correnti, che risente delle revisioni dei conti nazionali. Ricalcolo di controllo: 0.055779.",2
scenario_generico_fpld,1998,generica_fpld,FPLD lavoratori dipendenti,Profilo generico,medio,22708.01282360255,22708.01282360255,12.0,100.0,22708.01282360255,0.327,0.33,0.0889,0.23809999999999998,7425.520193318033,7493.644231788841,0.053597,23246.80170421118,inps_aliquote_storiche; istat_pil_nominale_sdmx,stimato_calibrato_su_ral,"Aliquota FPLD ponderata sui giorni dell'anno quando cambia nel corso dell'anno. Per il controfattuale prima del 1996 l'aliquota di computo e' approssimata con l'aliquota di finanziamento FPLD. Tasso ufficiale pubblicato (nota ISTAT/Ministero del Lavoro), quello applicato per legge da INPS alla rivalutazione del montante. Override rispetto al ricalcolo dai livelli di PIL nominale correnti, che risente delle revisioni dei conti nazionali. Ricalcolo di controllo: 0.054245.",3
scenario_generico_fpld,1999,generica_fpld,FPLD lavoratori dipendenti,Profilo generico,medio,23162.1730800746,23162.1730800746,12.0,100.0,23162.1730800746,0.327,0.33,0.0889,0.23809999999999998,7574.0305971843945,7643.5171164246185,0.056503,32203.832857328838,inps_aliquote_storiche; istat_pil_nominale_sdmx,stimato_calibrato_su_ral,"Aliquota FPLD ponderata sui giorni dell'anno quando cambia nel corso dell'anno. Per il controfattuale prima del 1996 l'aliquota di computo e' approssimata con l'aliquota di finanziamento FPLD. Tasso ufficiale pubblicato (nota ISTAT/Ministero del Lavoro), quello applicato per legge da INPS alla rivalutazione del montante. Override rispetto al ricalcolo dai livelli di PIL nominale correnti, che risente delle revisioni dei conti nazionali. Ricalcolo di controllo: 0.056587.",4
scenario_generico_fpld,2000,generica_fpld,FPLD lavoratori dipendenti,Profilo generico,medio,23625.41654167609,23625.41654167609,12.0,100.0,23625.41654167609,0.327,0.33,0.0889,0.23809999999999998,7725.511209128083,7796.387458753111,0.051781,41667.76698526729,inps_aliquote_storiche; istat_pil_nominale_sdmx,stimato_calibrato_su_ral,"Aliquota FPLD ponderata sui giorni dell'anno quando cambia nel corso dell'anno. Per il controfattuale prima del 1996 l'aliquota di computo e' approssimata con l'aliquota di finanziamento FPLD. Tasso ufficiale pubblicato (nota ISTAT/Ministero del Lavoro), quello applicato per legge da INPS alla rivalutazione del montante. Override rispetto al ricalcolo dai livelli di PIL nominale correnti, che risente delle revisioni dei conti nazionali. Ricalcolo di controllo: 0.051547.",5
scenario_generico_fpld,2001,generica_fpld,FPLD lavoratori dipendenti,Profilo generico,medio,24097.92487250961,24097.92487250961,12.0,100.0,24097.92487250961,0.327,0.33,0.0889,0.23809999999999998,7880.021433310643,7952.315207928172,0.047781,51611.009767518524,inps_aliquote_storiche; istat_pil_nominale_sdmx,stimato_calibrato_su_ral,"Aliquota FPLD ponderata sui giorni dell'anno quando cambia nel corso dell'anno. Per il controfattuale prima del 1996 l'aliquota di computo e' approssimata con l'aliquota di finanziamento FPLD. Tasso ufficiale pubblicato (nota ISTAT/Ministero del Lavoro), quello applicato per legge da INPS alla rivalutazione del montante. Override rispetto al ricalcolo dai livelli di PIL nominale correnti, che risente delle revisioni dei conti nazionali. Ricalcolo di controllo: 0.046751.",6
scenario_generico_fpld,2002,generica_fpld,FPLD lavoratori dipendenti,Profilo generico,medio,24579.883369959807,24579.883369959807,12.0,100.0,24579.883369959807,0.327,0.33,0.0889,0.23809999999999998,8037.621861976857,8111.361512086737,0.043698,61977.66918442629,inps_aliquote_storiche; istat_pil_nominale_sdmx,stimato_calibrato_su_ral,"Aliquota FPLD ponderata sui giorni dell'anno quando cambia nel corso dell'anno. Per il controfattuale prima del 1996 l'aliquota di computo e' approssimata con l'aliquota di finanziamento FPLD. Tasso ufficiale pubblicato (nota ISTAT/Ministero del Lavoro), quello applicato per legge da INPS alla rivalutazione del montante. Override rispetto al ricalcolo dai livelli di PIL nominale correnti, che risente delle revisioni dei conti nazionali. Ricalcolo di controllo: 0.045470.",7
scenario_generico_fpld,2003,generica_fpld,FPLD lavoratori dipendenti,Profilo generico,medio,25071.481037359,25071.481037359,12.0,100.0,25071.481037359,0.327,0.33,0.0889,0.23809999999999998,8198.374299216393,8273.588742328471,0.041614,72830.39665219547,inps_aliquote_storiche; istat_pil_nominale_sdmx,stimato_calibrato_su_ral,"Aliquota FPLD ponderata sui giorni dell'anno quando cambia nel corso dell'anno. Per il controfattuale prima del 1996 l'aliquota di computo e' approssimata con l'aliquota di finanziamento FPLD. Tasso ufficiale pubblicato (nota ISTAT/Ministero del Lavoro), quello applicato per legge da INPS alla rivalutazione del montante. Override rispetto al ricalcolo dai livelli di PIL nominale correnti, che risente delle revisioni dei conti nazionali. Ricalcolo di controllo: 0.043593.",8
scenario_generico_fpld,2004,generica_fpld,FPLD lavoratori dipendenti,Profilo generico,medio,25572.910658106182,25572.910658106182,12.0,100.0,25572.910658106182,0.327,0.33,0.0889,0.23809999999999998,8362.341785200722,8439.060517175041,0.039272,84129.65250669552,inps_aliquote_storiche; istat_pil_nominale_sdmx,stimato_calibrato_su_ral,"Aliquota FPLD ponderata sui giorni dell'anno quando cambia nel corso dell'anno. Per il controfattuale prima del 1996 l'aliquota di computo e' approssimata con l'aliquota di finanziamento FPLD. Tasso ufficiale pubblicato (nota ISTAT/Ministero del Lavoro), quello applicato per legge da INPS alla rivalutazione del montante. Override rispetto al ricalcolo dai livelli di PIL nominale correnti, che risente delle revisioni dei conti nazionali. Ricalcolo di controllo: 0.041624.",9
scenario_generico_fpld,2005,generica_fpld,FPLD lavoratori dipendenti,Profilo generico,medio,26084.368871268307,26084.368871268307,12.0,100.0,26084.368871268307,0.327,0.33,0.0889,0.23809999999999998,8529.588620904737,8607.841727518542,0.040506,96145.24993865026,inps_aliquote_storiche; istat_pil_nominale_sdmx,stimato_calibrato_su_ral,"Aliquota FPLD ponderata sui giorni dell'anno quando cambia nel corso dell'anno. Per il controfattuale prima del 1996 l'aliquota di computo e' approssimata con l'aliquota di finanziamento FPLD. Tasso ufficiale pubblicato (nota ISTAT/Ministero del Lavoro), quello applicato per legge da INPS alla rivalutazione del montante. Override rispetto al ricalcolo dai livelli di PIL nominale correnti, che risente delle revisioni dei conti nazionali. Ricalcolo di controllo: 0.043560.",10
scenario_generico_fpld,2006,generica_fpld,FPLD lavoratori dipendenti,Profilo generico,medio,26606.056248693672,26606.056248693672,12.0,100.0,26606.056248693672,0.327,0.33,0.0889,0.23809999999999998,8700.180393322831,8779.998562068913,0.035386,108327.44431504824,inps_aliquote_storiche; istat_pil_nominale_sdmx,stimato_calibrato_su_ral,"Aliquota FPLD ponderata sui giorni dell'anno quando cambia nel corso dell'anno. Per il controfattuale prima del 1996 l'aliquota di computo e' approssimata con l'aliquota di finanziamento FPLD. Tasso ufficiale pubblicato (nota ISTAT/Ministero del Lavoro), quello applicato per legge da INPS alla rivalutazione del montante. Override rispetto al ricalcolo dai livelli di PIL nominale correnti, che risente delle revisioni dei conti nazionali. Ricalcolo di controllo: 0.037883.",11
scenario_generico_fpld,2007,generica_fpld,FPLD lavoratori dipendenti,Profilo generico,medio,27138.17737366755,27138.17737366755,12.0,100.0,27138.17737366755,0.327,0.33,0.0889,0.23809999999999998,8874.18400118929,8955.598533310293,0.033937,120959.35132607834,inps_aliquote_storiche; istat_pil_nominale_sdmx,stimato_calibrato_su_ral,"Aliquota FPLD ponderata sui giorni dell'anno quando cambia nel corso dell'anno. Per il controfattuale prima del 1996 l'aliquota di computo e' approssimata con l'aliquota di finanziamento FPLD. Tasso ufficiale pubblicato (nota ISTAT/Ministero del Lavoro), quello applicato per legge da INPS alla rivalutazione del montante. Override rispetto al ricalcolo dai livelli di PIL nominale correnti, che risente delle revisioni dei conti nazionali. Ricalcolo di controllo: 0.035749.",12
scenario_generico_fpld,2008,generica_fpld,FPLD lavoratori dipendenti,Profilo generico,medio,27680.9409211409,27680.9409211409,12.0,100.0,27680.940921140904,0.327,0.33,0.0889,0.23809999999999998,9051.667681213075,9134.7105039765,0.034625,134282.2793697203,inps_aliquote_storiche; istat_pil_nominale_sdmx,stimato_calibrato_su_ral,"Aliquota FPLD ponderata sui giorni dell'anno quando cambia nel corso dell'anno. Per il controfattuale prima del 1996 l'aliquota di computo e' approssimata con l'aliquota di finanziamento FPLD. Tasso ufficiale pubblicato (nota ISTAT/Ministero del Lavoro), quello applicato per legge da INPS alla rivalutazione del montante. Override rispetto al ricalcolo dai livelli di PIL nominale correnti, che risente delle revisioni dei conti nazionali. Ricalcolo di controllo: 0.036510.",13
scenario_generico_fpld,2009,generica_fpld,FPLD lavoratori dipendenti,Profilo generico,medio,28234.55973956372,28234.55973956372,12.0,100.0,28234.55973956372,0.327,0.33,0.0889,0.23809999999999998,9232.701034837337,9317.404714056029,0.033201,148057.9900411304,inps_aliquote_storiche; istat_pil_nominale_sdmx,stimato_calibrato_su_ral,"Aliquota FPLD ponderata sui giorni dell'anno quando cambia nel corso dell'anno. Per il controfattuale prima del 1996 l'aliquota di computo e' approssimata con l'aliquota di finanziamento FPLD. Tasso ufficiale pubblicato (nota ISTAT/Ministero del Lavoro), quello applicato per legge da INPS alla rivalutazione del montante. Override rispetto al ricalcolo dai livelli di PIL nominale correnti, che risente delle revisioni dei conti nazionali. Ricalcolo di controllo: 0.032709.",14
scenario_generico_fpld,2010,generica_fpld,FPLD lavoratori dipendenti,Profilo generico,medio,28799.25093435499,28799.25093435499,12.0,100.0,28799.25093435499,0.327,0.33,0.0889,0.23809999999999998,9417.355055534083,9503.752808337147,0.017935,160217.16290085524,inps_aliquote_storiche; istat_pil_nominale_sdmx,stimato_calibrato_su_ral,"Aliquota FPLD ponderata sui giorni dell'anno quando cambia nel corso dell'anno. Per il controfattuale prima del 1996 l'aliquota di computo e' approssimata con l'aliquota di finanziamento FPLD. Tasso ufficiale pubblicato (nota ISTAT/Ministero del Lavoro), quello applicato per legge da INPS alla rivalutazione del montante. Override rispetto al ricalcolo dai livelli di PIL nominale correnti, che risente delle revisioni dei conti nazionali. Ricalcolo di controllo: 0.016819.",15
scenario_generico_fpld,2011,generica_fpld,FPLD lavoratori dipendenti,Profilo generico,medio,29375.23595304209,29375.23595304209,12.0,100.0,29375.23595304209,0.327,0.33,0.0889,0.23809999999999998,9605.702156644764,9693.82786450389,0.016165,172500.90120365145,inps_aliquote_storiche; istat_pil_nominale_sdmx,stimato_calibrato_su_ral,"Aliquota FPLD ponderata sui giorni dell'anno quando cambia nel corso dell'anno. Per il controfattuale prima del 1996 l'aliquota di computo e' approssimata con l'aliquota di finanziamento FPLD. Tasso ufficiale pubblicato (nota ISTAT/Ministero del Lavoro), quello applicato per legge da INPS alla rivalutazione del montante. Override rispetto al ricalcolo dai livelli di PIL nominale correnti, che risente delle revisioni dei conti nazionali. Ricalcolo di controllo: 0.015379.",16
scenario_generico_fpld,2012,generica_fpld,FPLD lavoratori dipendenti,Profilo generico,medio,29962.740672102937,29962.740672102937,12.0,100.0,29962.740672102937,0.327,0.33,0.0889,0.23809999999999998,9797.81619977766,9887.70442179397,0.011344,184345.45584869967,inps_aliquote_storiche; istat_pil_nominale_sdmx,stimato_calibrato_su_ral,"Aliquota FPLD ponderata sui giorni dell'anno quando cambia nel corso dell'anno. Per il controfattuale prima del 1996 l'aliquota di computo e' approssimata con l'aliquota di finanziamento FPLD. Tasso ufficiale pubblicato (nota ISTAT/Ministero del Lavoro), quello applicato per legge da INPS alla rivalutazione del montante. Override rispetto al ricalcolo dai livelli di PIL nominale correnti, che risente delle revisioni dei conti nazionali. Ricalcolo di controllo: 0.012200.",17
scenario_generico_fpld,2013,generica_fpld,FPLD lavoratori dipendenti,Profilo generico,medio,30561.995485544994,30561.995485544994,12.0,100.0,30561.995485544994,0.327,0.33,0.0889,0.23809999999999998,9993.772523773214,10085.458510229848,0.001643,194733.79394288897,inps_aliquote_storiche; istat_pil_nominale_sdmx,stimato_calibrato_su_ral,"Aliquota FPLD ponderata sui giorni dell'anno quando cambia nel corso dell'anno. Per il controfattuale prima del 1996 l'aliquota di computo e' approssimata con l'aliquota di finanziamento FPLD. Tasso ufficiale pubblicato (nota ISTAT/Ministero del Lavoro), quello applicato per legge da INPS alla rivalutazione del montante. Override rispetto al ricalcolo dai livelli di PIL nominale correnti, che risente delle revisioni dei conti nazionali. Ricalcolo di controllo: 0.001375.",18
scenario_generico_fpld,2014,generica_fpld,FPLD lavoratori dipendenti,Profilo generico,medio,31173.235395255895,31173.235395255895,12.0,100.0,31173.235395255895,0.327,0.33,0.0889,0.23809999999999998,10193.647974248677,10287.167680434446,-0.001927,204645.70960239545,inps_aliquote_storiche; istat_pil_nominale_sdmx,stimato_calibrato_su_ral,"Aliquota FPLD ponderata sui giorni dell'anno quando cambia nel corso dell'anno. Per il controfattuale prima del 1996 l'aliquota di computo e' approssimata con l'aliquota di finanziamento FPLD. Tasso ufficiale pubblicato (nota ISTAT/Ministero del Lavoro), quello applicato per legge da INPS alla rivalutazione del montante. Override rispetto al ricalcolo dai livelli di PIL nominale correnti, che risente delle revisioni dei conti nazionali. Ricalcolo di controllo: -0.002748.",19
scenario_generico_fpld,2015,generica_fpld,FPLD lavoratori dipendenti,Profilo generico,medio,31796.700103161013,31796.700103161013,12.0,100.0,31796.700103161013,0.327,0.33,0.0889,0.23809999999999998,10397.520933733651,10492.911034043134,0.005058,216173.71863560748,inps_aliquote_storiche; istat_pil_nominale_sdmx,stimato_calibrato_su_ral,"Aliquota FPLD ponderata sui giorni dell'anno quando cambia nel corso dell'anno. Per il controfattuale prima del 1996 l'aliquota di computo e' approssimata con l'aliquota di finanziamento FPLD. Tasso ufficiale pubblicato (nota ISTAT/Ministero del Lavoro), quello applicato per legge da INPS alla rivalutazione del montante. Override rispetto al ricalcolo dai livelli di PIL nominale correnti, che risente delle revisioni dei conti nazionali. Ricalcolo di controllo: 0.006452.",20
scenario_generico_fpld,2016,generica_fpld,FPLD lavoratori dipendenti,Profilo generico,medio,32432.63410522423,32432.63410522423,12.0,100.0,32432.63410522423,0.327,0.33,0.0889,0.23809999999999998,10605.471352408324,10702.769254723997,0.004684,227889.04558842065,inps_aliquote_storiche; istat_pil_nominale_sdmx,stimato_calibrato_su_ral,"Aliquota FPLD ponderata sui giorni dell'anno quando cambia nel corso dell'anno. Per il controfattuale prima del 1996 l'aliquota di computo e' approssimata con l'aliquota di finanziamento FPLD. Tasso ufficiale pubblicato (nota ISTAT/Ministero del Lavoro), quello applicato per legge da INPS alla rivalutazione del montante. Override rispetto al ricalcolo dai livelli di PIL nominale correnti, che risente delle revisioni dei conti nazionali. Ricalcolo di controllo: 0.005542.",21
scenario_generico_fpld,2017,generica_fpld,FPLD lavoratori dipendenti,Profilo generico,medio,33081.28678732872,33081.28678732872,12.0,100.0,33081.28678732872,0.327,0.33,0.0889,0.23809999999999998,10817.580779456492,10916.824639818476,0.005205,239992.03271052684,inps_aliquote_storiche; istat_pil_nominale_sdmx,stimato_calibrato_su_ral,"Aliquota FPLD ponderata sui giorni dell'anno quando cambia nel corso dell'anno. Per il controfattuale prima del 1996 l'aliquota di computo e' approssimata con l'aliquota di finanziamento FPLD. Tasso ufficiale pubblicato (nota ISTAT/Ministero del Lavoro), quello applicato per legge da INPS alla rivalutazione del montante. Override rispetto al ricalcolo dai livelli di PIL nominale correnti, che risente delle revisioni dei conti nazionali. Ricalcolo di controllo: 0.005667.",22
scenario_generico_fpld,2018,generica_fpld,FPLD lavoratori dipendenti,Profilo generico,medio,33742.9125230753,33742.9125230753,12.0,100.0,33742.9125230753,0.327,0.33,0.0889,0.23809999999999998,11033.932395045624,11135.161132614849,0.013478,254361.8064600142,inps_aliquote_storiche; istat_pil_nominale_sdmx,stimato_calibrato_su_ral,"Aliquota FPLD ponderata sui giorni dell'anno quando cambia nel corso dell'anno. Per il controfattuale prima del 1996 l'aliquota di computo e' approssimata con l'aliquota di finanziamento FPLD. Tasso ufficiale pubblicato (nota ISTAT/Ministero del Lavoro), quello applicato per legge da INPS alla rivalutazione del montante. Override rispetto al ricalcolo dai livelli di PIL nominale correnti, che risente delle revisioni dei conti nazionali. Ricalcolo di controllo: 0.013309.",23
scenario_generico_fpld,2019,generica_fpld,FPLD lavoratori dipendenti,Profilo generico,medio,34417.7707735368,34417.7707735368,12.0,100.0,34417.7707735368,0.327,0.33,0.0889,0.23809999999999998,11254.611042946535,11357.864355267146,0.018254,270362.7912304024,inps_aliquote_storiche; istat_pil_nominale_sdmx,stimato_calibrato_su_ral,"Aliquota FPLD ponderata sui giorni dell'anno quando cambia nel corso dell'anno. Per il controfattuale prima del 1996 l'aliquota di computo e' approssimata con l'aliquota di finanziamento FPLD. Tasso ufficiale pubblicato (nota ISTAT/Ministero del Lavoro), quello applicato per legge da INPS alla rivalutazione del montante. Override rispetto al ricalcolo dai livelli di PIL nominale correnti, che risente delle revisioni dei conti nazionali. Ricalcolo di controllo: 0.018599.",24
scenario_generico_fpld,2020,generica_fpld,FPLD lavoratori dipendenti,Profilo generico,medio,35106.12618900754,35106.12618900754,12.0,100.0,35106.12618900754,0.327,0.33,0.0889,0.23809999999999998,11479.703263805466,11585.021642372489,0.019199,287138.5081016074,inps_aliquote_storiche; istat_pil_nominale_sdmx,stimato_calibrato_su_ral,"Aliquota FPLD ponderata sui giorni dell'anno quando cambia nel corso dell'anno. Per il controfattuale prima del 1996 l'aliquota di computo e' approssimata con l'aliquota di finanziamento FPLD. Tasso ufficiale pubblicato (nota ISTAT/Ministero del Lavoro), quello applicato per legge da INPS alla rivalutazione del montante. Override rispetto al ricalcolo dai livelli di PIL nominale correnti, che risente delle revisioni dei conti nazionali. Ricalcolo di controllo: 0.019766.",25
scenario_generico_fpld,2021,generica_fpld,FPLD lavoratori dipendenti,Profilo generico,medio,35808.24871278769,35808.24871278769,12.0,100.0,35808.24871278769,0.327,0.33,0.0889,0.23809999999999998,11709.297329081575,11816.722075219937,-0.000215,298893.4953975855,inps_aliquote_storiche; istat_pil_nominale_sdmx,stimato_calibrato_su_ral,"Aliquota FPLD ponderata sui giorni dell'anno quando cambia nel corso dell'anno. Per il controfattuale prima del 1996 l'aliquota di computo e' approssimata con l'aliquota di finanziamento FPLD. Tasso ufficiale pubblicato (nota ISTAT/Ministero del Lavoro), quello applicato per legge da INPS alla rivalutazione del montante. Override rispetto al ricalcolo dai livelli di PIL nominale correnti, che risente delle revisioni dei conti nazionali. Ricalcolo di controllo: 0.000808.",26
scenario_generico_fpld,2022,generica_fpld,FPLD lavoratori dipendenti,Profilo generico,medio,36524.413687043445,36524.413687043445,12.0,100.0,36524.413687043445,0.327,0.33,0.0889,0.23809999999999998,11943.483275663208,12053.056516724337,0.009973,313927.41674391,inps_aliquote_storiche; istat_pil_nominale_sdmx,stimato_calibrato_su_ral,"Aliquota FPLD ponderata sui giorni dell'anno quando cambia nel corso dell'anno. Per il controfattuale prima del 1996 l'aliquota di computo e' approssimata con l'aliquota di finanziamento FPLD. Tasso ufficiale pubblicato (nota ISTAT/Ministero del Lavoro), quello applicato per legge da INPS alla rivalutazione del montante. Override rispetto al ricalcolo dai livelli di PIL nominale correnti, che risente delle revisioni dei conti nazionali. Ricalcolo di controllo: 0.015650.",27
scenario_generico_fpld,2023,generica_fpld,FPLD lavoratori dipendenti,Profilo generico,medio,37254.901960784315,37254.901960784315,12.0,100.0,37254.901960784315,0.327,0.33,0.0889,0.23809999999999998,12182.352941176472,12294.117647058825,0.023082,333467.6070242517,inps_aliquote_storiche; istat_pil_nominale_sdmx,stimato_calibrato_su_ral,"Aliquota FPLD ponderata sui giorni dell'anno quando cambia nel corso dell'anno. Per il controfattuale prima del 1996 l'aliquota di computo e' approssimata con l'aliquota di finanziamento FPLD. Tasso ufficiale pubblicato (nota ISTAT/Ministero del Lavoro), quello applicato per legge da INPS alla rivalutazione del montante. Override rispetto al ricalcolo dai livelli di PIL nominale correnti, che risente delle revisioni dei conti nazionali. Ricalcolo di controllo: 0.027516.",28
scenario_generico_fpld,2024,generica_fpld,FPLD lavoratori dipendenti,Profilo generico,medio,38000.0,38000.0,12.0,100.0,38000.0,0.327,0.33,0.0889,0.23809999999999998,12426.0,12540.0,0.036622,358219.85772869387,inps_aliquote_storiche; istat_pil_nominale_sdmx,stimato_calibrato_su_ral,"Aliquota FPLD ponderata sui giorni dell'anno quando cambia nel corso dell'anno. Per il controfattuale prima del 1996 l'aliquota di computo e' approssimata con l'aliquota di finanziamento FPLD. Tasso ufficiale pubblicato (nota ISTAT/Ministero del Lavoro), quello applicato per legge da INPS alla rivalutazione del montante. Override rispetto al ricalcolo dai livelli di PIL nominale correnti, che risente delle revisioni dei conti nazionali. Ricalcolo di controllo: 0.038055.",29
scenario_carriera_lunga_mista,1985,generica_fpld,FPLD lavoratori dipendenti,Profilo generico,medio,19401.82538653551,19401.82538653551,12.0,100.0,19401.82538653551,0.2471,0.2471,0.07150000000000001,0.17560000000000003,4794.191053012924,4794.191053012924,0.186164,4794.191053012924,inps_aliquote_storiche; istat_pil_nominale_sdmx,stimato_calibrato_su_ral,"Aliquota FPLD ponderata sui giorni dell'anno quando cambia nel corso dell'anno. Per il controfattuale prima del 1996 l'aliquota di computo e' approssimata con l'aliquota di finanziamento FPLD. Tasso ufficiale pubblicato (nota ISTAT/Ministero del Lavoro), quello applicato per legge da INPS alla rivalutazione del montante. Override rispetto al ricalcolo dai livelli di PIL nominale correnti, che risente delle revisioni dei conti nazionali. Ricalcolo di controllo: 0.186568.",1
scenario_carriera_lunga_mista,1986,generica_fpld,FPLD lavoratori dipendenti,Profilo generico,medio,19789.86189426622,19789.86189426622,12.0,100.0,19789.86189426622,0.2571,0.2571,0.07150000000000001,0.1856,5087.973493015846,5087.973493015846,0.160219,10650.285042351448,inps_aliquote_storiche; istat_pil_nominale_sdmx,stimato_calibrato_su_ral,"Aliquota FPLD ponderata sui giorni dell'anno quando cambia nel corso dell'anno. Per il controfattuale prima del 1996 l'aliquota di computo e' approssimata con l'aliquota di finanziamento FPLD. Tasso ufficiale pubblicato (nota ISTAT/Ministero del Lavoro), quello applicato per legge da INPS alla rivalutazione del montante. Override rispetto al ricalcolo dai livelli di PIL nominale correnti, che risente delle revisioni dei conti nazionali. Ricalcolo di controllo: 0.161341.",2
scenario_carriera_lunga_mista,1987,generica_fpld,FPLD lavoratori dipendenti,Profilo generico,medio,20185.659132151548,20185.659132151548,12.0,100.0,20185.659132151548,0.2571,0.2571,0.07150000000000001,0.1856,5189.732962876163,5189.732962876163,0.142703,17359.84563162629,inps_aliquote_storiche; istat_pil_nominale_sdmx,stimato_calibrato_su_ral,"Aliquota FPLD ponderata sui giorni dell'anno quando cambia nel corso dell'anno. Per il controfattuale prima del 1996 l'aliquota di computo e' approssimata con l'aliquota di finanziamento FPLD. Tasso ufficiale pubblicato (nota ISTAT/Ministero del Lavoro), quello applicato per legge da INPS alla rivalutazione del montante. Override rispetto al ricalcolo dai livelli di PIL nominale correnti, che risente delle revisioni dei conti nazionali. Ricalcolo di controllo: 0.142871.",3
scenario_carriera_lunga_mista,1988,generica_fpld,FPLD lavoratori dipendenti,Profilo generico,medio,20589.37231479458,20589.37231479458,12.0,100.0,20589.37231479458,0.2571,0.2571,0.07150000000000001,0.1856,5293.527622133686,5293.527622133686,0.126341,24846.633510705273,inps_aliquote_storiche; istat_pil_nominale_sdmx,stimato_calibrato_su_ral,"Aliquota FPLD ponderata sui giorni dell'anno quando cambia nel corso dell'anno. Per il controfattuale prima del 1996 l'aliquota di computo e' approssimata con l'aliquota di finanziamento FPLD. Tasso ufficiale pubblicato (nota ISTAT/Ministero del Lavoro), quello applicato per legge da INPS alla rivalutazione del montante. Override rispetto al ricalcolo dai livelli di PIL nominale correnti, che risente delle revisioni dei conti nazionali. Ricalcolo di controllo: 0.125638.",4
scenario_carriera_lunga_mista,1989,generica_fpld,FPLD lavoratori dipendenti,Profilo generico,medio,21001.159761090472,21001.159761090472,12.0,100.0,21001.159761090472,0.26120000000000004,0.26120000000000004,0.0729,0.1883,5485.5029295968325,5485.5029295968325,0.115314,33197.30113695557,inps_aliquote_storiche; istat_pil_nominale_sdmx,stimato_calibrato_su_ral,"Aliquota FPLD ponderata sui giorni dell'anno quando cambia nel corso dell'anno. Per il controfattuale prima del 1996 l'aliquota di computo e' approssimata con l'aliquota di finanziamento FPLD. Tasso ufficiale pubblicato (nota ISTAT/Ministero del Lavoro), quello applicato per legge da INPS alla rivalutazione del montante. Override rispetto al ricalcolo dai livelli di PIL nominale correnti, che risente delle revisioni dei conti nazionali. Ricalcolo di controllo: 0.115162.",5
scenario_carriera_lunga_mista,1990,generica_fpld,FPLD lavoratori dipendenti,Profilo generico,medio,21421.18295631228,21421.18295631228,12.0,100.0,21421.18295631228,0.26120000000000004,0.26120000000000004,0.0729,0.1883,5595.212988188769,5595.212988188769,0.105217,42285.43455887139,inps_aliquote_storiche; istat_pil_nominale_sdmx,stimato_calibrato_su_ral,"Aliquota FPLD ponderata sui giorni dell'anno quando cambia nel corso dell'anno. Per il controfattuale prima del 1996 l'aliquota di computo e' approssimata con l'aliquota di finanziamento FPLD. Tasso ufficiale pubblicato (nota ISTAT/Ministero del Lavoro), quello applicato per legge da INPS alla rivalutazione del montante. Override rispetto al ricalcolo dai livelli di PIL nominale correnti, che risente delle revisioni dei conti nazionali. Ricalcolo di controllo: 0.106164.",6
scenario_carriera_lunga_mista,1991,generica_fpld,FPLD lavoratori dipendenti,Profilo generico,medio,21849.606615438526,21849.606615438526,12.0,100.0,21849.606615438523,0.2628780821917808,0.2628780821917808,0.07457808219178082,0.1883,5743.782683711326,5743.782683711326,0.101013,52300.59584367799,inps_aliquote_storiche; istat_pil_nominale_sdmx,stimato_calibrato_su_ral,"Aliquota FPLD ponderata sui giorni dell'anno quando cambia nel corso dell'anno. Per il controfattuale prima del 1996 l'aliquota di computo e' approssimata con l'aliquota di finanziamento FPLD. Tasso ufficiale pubblicato (nota ISTAT/Ministero del Lavoro), quello applicato per legge da INPS alla rivalutazione del montante. Override rispetto al ricalcolo dai livelli di PIL nominale correnti, che risente delle revisioni dei conti nazionali. Ricalcolo di controllo: 0.102972.",7
scenario_carriera_lunga_mista,1992,generica_fpld,FPLD lavoratori dipendenti,Profilo generico,medio,22286.5987477473,22286.5987477473,12.0,100.0,22286.5987477473,0.26671639344262293,0.26671639344262293,0.07841639344262295,0.1883,5944.2012401020365,5944.2012401020365,0.097075,63321.877425305065,inps_aliquote_storiche; istat_pil_nominale_sdmx,stimato_calibrato_su_ral,"Aliquota FPLD ponderata sui giorni dell'anno quando cambia nel corso dell'anno. Per il controfattuale prima del 1996 l'aliquota di computo e' approssimata con l'aliquota di finanziamento FPLD. Tasso ufficiale pubblicato (nota ISTAT/Ministero del Lavoro), quello applicato per legge da INPS alla rivalutazione del montante. Override rispetto al ricalcolo dai livelli di PIL nominale correnti, che risente delle revisioni dei conti nazionali. Ricalcolo di controllo: 0.100220.",8
scenario_carriera_lunga_mista,1993,generica_fpld,FPLD lavoratori dipendenti,Profilo generico,medio,22732.33072270224,22732.33072270224,12.0,100.0,22732.33072270224,0.2717,0.2717,0.0834,0.1883,6176.3742573581985,6176.3742573581985,0.088611,75109.26656319697,inps_aliquote_storiche; istat_pil_nominale_sdmx,stimato_calibrato_su_ral,"Aliquota FPLD ponderata sui giorni dell'anno quando cambia nel corso dell'anno. Per il controfattuale prima del 1996 l'aliquota di computo e' approssimata con l'aliquota di finanziamento FPLD. Tasso ufficiale pubblicato (nota ISTAT/Ministero del Lavoro), quello applicato per legge da INPS alla rivalutazione del montante. Override rispetto al ricalcolo dai livelli di PIL nominale correnti, che risente delle revisioni dei conti nazionali. Ricalcolo di controllo: 0.091668.",9
scenario_carriera_lunga_mista,1994,generica_fpld,FPLD lavoratori dipendenti,Profilo generico,medio,23186.977337156288,23186.977337156288,12.0,100.0,23186.977337156288,0.2717,0.2717,0.0834,0.1883,6299.9017425053635,6299.9017425053635,0.07299,86891.39367215006,inps_aliquote_storiche; istat_pil_nominale_sdmx,stimato_calibrato_su_ral,"Aliquota FPLD ponderata sui giorni dell'anno quando cambia nel corso dell'anno. Per il controfattuale prima del 1996 l'aliquota di computo e' approssimata con l'aliquota di finanziamento FPLD. Tasso ufficiale pubblicato (nota ISTAT/Ministero del Lavoro), quello applicato per legge da INPS alla rivalutazione del montante. Override rispetto al ricalcolo dai livelli di PIL nominale correnti, che risente delle revisioni dei conti nazionali. Ricalcolo di controllo: 0.075194.",10
scenario_carriera_lunga_mista,1995,generica_fpld,FPLD lavoratori dipendenti,Profilo generico,medio,23650.716883899415,23650.716883899415,12.0,100.0,23650.716883899415,0.2732123287671233,0.2732123287671233,0.0839041095890411,0.18930821917808216,6461.667436862082,6461.667436862082,0.065726,99064.08484950788,inps_aliquote_storiche; istat_pil_nominale_sdmx,stimato_calibrato_su_ral,"Aliquota FPLD ponderata sui giorni dell'anno quando cambia nel corso dell'anno. Per il controfattuale prima del 1996 l'aliquota di computo e' approssimata con l'aliquota di finanziamento FPLD. Tasso ufficiale pubblicato (nota ISTAT/Ministero del Lavoro), quello applicato per legge da INPS alla rivalutazione del montante. Override rispetto al ricalcolo dai livelli di PIL nominale correnti, che risente delle revisioni dei conti nazionali. Ricalcolo di controllo: 0.067208.",11
scenario_carriera_lunga_mista,1996,generica_fpld,FPLD lavoratori dipendenti,Profilo generico,medio,24123.731221577404,24123.731221577404,12.0,100.0,24123.731221577404,0.32899999999999996,0.33,0.0889,0.24009999999999998,7936.7075718989645,7960.831303120543,0.062054,113172.2388738798,inps_aliquote_storiche; istat_pil_nominale_sdmx,stimato_calibrato_su_ral,"Aliquota FPLD ponderata sui giorni dell'anno quando cambia nel corso dell'anno. Per il controfattuale prima del 1996 l'aliquota di computo e' approssimata con l'aliquota di finanziamento FPLD. Tasso ufficiale pubblicato (nota ISTAT/Ministero del Lavoro), quello applicato per legge da INPS alla rivalutazione del montante. Override rispetto al ricalcolo dai livelli di PIL nominale correnti, che risente delle revisioni dei conti nazionali. Ricalcolo di controllo: 0.062176.",12
scenario_carriera_lunga_mista,1997,generica_fpld,FPLD lavoratori dipendenti,Profilo generico,medio,24606.205846008954,24606.205846008954,12.0,100.0,24606.20584600895,0.32899999999999996,0.33,0.0889,0.24010000000000006,8095.441723336944,8120.047929182954,0.055871,127615.3329611853,inps_aliquote_storiche; istat_pil_nominale_sdmx,stimato_calibrato_su_ral,"Aliquota FPLD ponderata sui giorni dell'anno quando cambia nel corso dell'anno. Per il controfattuale prima del 1996 l'aliquota di computo e' approssimata con l'aliquota di finanziamento FPLD. Tasso ufficiale pubblicato (nota ISTAT/Ministero del Lavoro), quello applicato per legge da INPS alla rivalutazione del montante. Override rispetto al ricalcolo dai livelli di PIL nominale correnti, che risente delle revisioni dei conti nazionali. Ricalcolo di controllo: 0.055779.",13
scenario_carriera_lunga_mista,1998,generica_fpld,FPLD lavoratori dipendenti,Profilo generico,medio,25098.329962929132,25098.329962929132,12.0,100.0,25098.329962929132,0.327,0.33,0.0889,0.23809999999999998,8207.153897877826,8282.448887766614,0.053597,142737.58084967252,inps_aliquote_storiche; istat_pil_nominale_sdmx,stimato_calibrato_su_ral,"Aliquota FPLD ponderata sui giorni dell'anno quando cambia nel corso dell'anno. Per il controfattuale prima del 1996 l'aliquota di computo e' approssimata con l'aliquota di finanziamento FPLD. Tasso ufficiale pubblicato (nota ISTAT/Ministero del Lavoro), quello applicato per legge da INPS alla rivalutazione del montante. Override rispetto al ricalcolo dai livelli di PIL nominale correnti, che risente delle revisioni dei conti nazionali. Ricalcolo di controllo: 0.054245.",14
scenario_carriera_lunga_mista,1999,generica_fpld,FPLD lavoratori dipendenti,Profilo generico,medio,25600.296562187716,25600.296562187716,12.0,100.0,25600.296562187712,0.327,0.33,0.0889,0.23809999999999998,8371.296975835383,8448.097865521946,0.056503,159250.7802459435,inps_aliquote_storiche; istat_pil_nominale_sdmx,stimato_calibrato_su_ral,"Aliquota FPLD ponderata sui giorni dell'anno quando cambia nel corso dell'anno. Per il controfattuale prima del 1996 l'aliquota di computo e' approssimata con l'aliquota di finanziamento FPLD. Tasso ufficiale pubblicato (nota ISTAT/Ministero del Lavoro), quello applicato per legge da INPS alla rivalutazione del montante. Override rispetto al ricalcolo dai livelli di PIL nominale correnti, che risente delle revisioni dei conti nazionali. Ricalcolo di controllo: 0.056587.",15
scenario_carriera_lunga_mista,2000,generica_fpld,FPLD lavoratori dipendenti,Profilo generico,medio,26112.30249343147,26112.30249343147,12.0,100.0,26112.30249343147,0.327,0.33,0.0889,0.23809999999999998,8538.722915352091,8617.059822832385,0.051781,176114.00472069107,inps_aliquote_storiche; istat_pil_nominale_sdmx,stimato_calibrato_su_ral,"Aliquota FPLD ponderata sui giorni dell'anno quando cambia nel corso dell'anno. Per il controfattuale prima del 1996 l'aliquota di computo e' approssimata con l'aliquota di finanziamento FPLD. Tasso ufficiale pubblicato (nota ISTAT/Ministero del Lavoro), quello applicato per legge da INPS alla rivalutazione del montante. Override rispetto al ricalcolo dai livelli di PIL nominale correnti, che risente delle revisioni dei conti nazionali. Ricalcolo di controllo: 0.051547.",16
scenario_carriera_lunga_mista,2001,generica_fpld,FPLD lavoratori dipendenti,Profilo generico,medio,26634.548543300098,26634.548543300098,12.0,100.0,26634.548543300098,0.327,0.33,0.0889,0.23809999999999998,8709.497373659133,8789.401019289033,0.047781,193318.30899953947,inps_aliquote_storiche; istat_pil_nominale_sdmx,stimato_calibrato_su_ral,"Aliquota FPLD ponderata sui giorni dell'anno quando cambia nel corso dell'anno. Per il controfattuale prima del 1996 l'aliquota di computo e' approssimata con l'aliquota di finanziamento FPLD. Tasso ufficiale pubblicato (nota ISTAT/Ministero del Lavoro), quello applicato per legge da INPS alla rivalutazione del montante. Override rispetto al ricalcolo dai livelli di PIL nominale correnti, che risente delle revisioni dei conti nazionali. Ricalcolo di controllo: 0.046751.",17
scenario_carriera_lunga_mista,2002,generica_fpld,FPLD lavoratori dipendenti,Profilo generico,medio,27167.239514166104,27167.239514166104,12.0,100.0,27167.2395141661,0.327,0.33,0.0889,0.23809999999999998,8883.687321132315,8965.189039674813,0.043698,210731.12150587616,inps_aliquote_storiche; istat_pil_nominale_sdmx,stimato_calibrato_su_ral,"Aliquota FPLD ponderata sui giorni dell'anno quando cambia nel corso dell'anno. Per il controfattuale prima del 1996 l'aliquota di computo e' approssimata con l'aliquota di finanziamento FPLD. Tasso ufficiale pubblicato (nota ISTAT/Ministero del Lavoro), quello applicato per legge da INPS alla rivalutazione del montante. Override rispetto al ricalcolo dai livelli di PIL nominale correnti, che risente delle revisioni dei conti nazionali. Ricalcolo di controllo: 0.045470.",18
scenario_carriera_lunga_mista,2003,generica_fpld,FPLD lavoratori dipendenti,Profilo generico,medio,27710.584304449425,27710.584304449425,12.0,100.0,27710.584304449425,0.327,0.33,0.0889,0.23809999999999998,9061.361067554963,9144.492820468311,0.041614,228644.97921669003,inps_aliquote_storiche; istat_pil_nominale_sdmx,stimato_calibrato_su_ral,"Aliquota FPLD ponderata sui giorni dell'anno quando cambia nel corso dell'anno. Per il controfattuale prima del 1996 l'aliquota di computo e' approssimata con l'aliquota di finanziamento FPLD. Tasso ufficiale pubblicato (nota ISTAT/Ministero del Lavoro), quello applicato per legge da INPS alla rivalutazione del montante. Override rispetto al ricalcolo dai livelli di PIL nominale correnti, che risente delle revisioni dei conti nazionali. Ricalcolo di controllo: 0.043593.",19
scenario_carriera_lunga_mista,2004,generica_fpld,FPLD lavoratori dipendenti,Profilo generico,medio,28264.795990538412,28264.795990538412,12.0,100.0,28264.795990538416,0.327,0.33,0.0889,0.23809999999999998,9242.588288906063,9327.382676877678,0.039272,246951.70751736558,inps_aliquote_storiche; istat_pil_nominale_sdmx,stimato_calibrato_su_ral,"Aliquota FPLD ponderata sui giorni dell'anno quando cambia nel corso dell'anno. Per il controfattuale prima del 1996 l'aliquota di computo e' approssimata con l'aliquota di finanziamento FPLD. Tasso ufficiale pubblicato (nota ISTAT/Ministero del Lavoro), quello applicato per legge da INPS alla rivalutazione del montante. Override rispetto al ricalcolo dai livelli di PIL nominale correnti, che risente delle revisioni dei conti nazionali. Ricalcolo di controllo: 0.041624.",20
scenario_carriera_lunga_mista,2005,generica_fpld,FPLD lavoratori dipendenti,Profilo generico,medio,28830.091910349183,28830.091910349183,12.0,100.0,28830.091910349187,0.327,0.33,0.0889,0.23809999999999998,9427.440054684184,9513.930330415233,0.040506,266468.66371247923,inps_aliquote_storiche; istat_pil_nominale_sdmx,stimato_calibrato_su_ral,"Aliquota FPLD ponderata sui giorni dell'anno quando cambia nel corso dell'anno. Per il controfattuale prima del 1996 l'aliquota di computo e' approssimata con l'aliquota di finanziamento FPLD. Tasso ufficiale pubblicato (nota ISTAT/Ministero del Lavoro), quello applicato per legge da INPS alla rivalutazione del montante. Override rispetto al ricalcolo dai livelli di PIL nominale correnti, che risente delle revisioni dei conti nazionali. Ricalcolo di controllo: 0.043560.",21
scenario_carriera_lunga_mista,2006,generica_fpld,FPLD lavoratori dipendenti,Profilo generico,medio,29406.693748556165,29406.693748556165,12.0,100.0,29406.693748556165,0.327,0.33,0.0889,0.23809999999999998,9615.988855777867,9704.208937023535,0.035386,285602.13278363255,inps_aliquote_storiche; istat_pil_nominale_sdmx,stimato_calibrato_su_ral,"Aliquota FPLD ponderata sui giorni dell'anno quando cambia nel corso dell'anno. Per il controfattuale prima del 1996 l'aliquota di computo e' approssimata con l'aliquota di finanziamento FPLD. Tasso ufficiale pubblicato (nota ISTAT/Ministero del Lavoro), quello applicato per legge da INPS alla rivalutazione del montante. Override rispetto al ricalcolo dai livelli di PIL nominale correnti, che risente delle revisioni dei conti nazionali. Ricalcolo di controllo: 0.037883.",22
scenario_carriera_lunga_mista,2007,generica_fpld,FPLD lavoratori dipendenti,Profilo generico,medio,29994.82762352729,29994.82762352729,12.0,100.0,29994.82762352729,0.327,0.33,0.0889,0.23809999999999998,9808.308632893424,9898.293115764007,0.033937,305192.9054796747,inps_aliquote_storiche; istat_pil_nominale_sdmx,stimato_calibrato_su_ral,"Aliquota FPLD ponderata sui giorni dell'anno quando cambia nel corso dell'anno. Per il controfattuale prima del 1996 l'aliquota di computo e' approssimata con l'aliquota di finanziamento FPLD. Tasso ufficiale pubblicato (nota ISTAT/Ministero del Lavoro), quello applicato per legge da INPS alla rivalutazione del montante. Override rispetto al ricalcolo dai livelli di PIL nominale correnti, che risente delle revisioni dei conti nazionali. Ricalcolo di controllo: 0.035749.",23
scenario_carriera_lunga_mista,2008,generica_fpld,FPLD lavoratori dipendenti,Profilo generico,medio,30594.72417599784,30594.72417599784,12.0,100.0,30594.72417599784,0.327,0.33,0.0889,0.23809999999999998,10004.474805551294,10096.258978079288,0.034625,325856.4688099877,inps_aliquote_storiche; istat_pil_nominale_sdmx,stimato_calibrato_su_ral,"Aliquota FPLD ponderata sui giorni dell'anno quando cambia nel corso dell'anno. Per il controfattuale prima del 1996 l'aliquota di computo e' approssimata con l'aliquota di finanziamento FPLD. Tasso ufficiale pubblicato (nota ISTAT/Ministero del Lavoro), quello applicato per legge da INPS alla rivalutazione del montante. Override rispetto al ricalcolo dai livelli di PIL nominale correnti, che risente delle revisioni dei conti nazionali. Ricalcolo di controllo: 0.036510.",24
scenario_carriera_lunga_mista,2009,generica_fpld,FPLD lavoratori dipendenti,Profilo generico,medio,31206.618659517793,31206.618659517793,12.0,100.0,31206.618659517797,0.327,0.33,0.0889,0.23809999999999998,10204.56430166232,10298.184157640873,0.033201,346973.413588589,inps_aliquote_storiche; istat_pil_nominale_sdmx,stimato_calibrato_su_ral,"Aliquota FPLD ponderata sui giorni dell'anno quando cambia nel corso dell'anno. Per il controfattuale prima del 1996 l'aliquota di computo e' approssimata con l'aliquota di finanziamento FPLD. Tasso ufficiale pubblicato (nota ISTAT/Ministero del Lavoro), quello applicato per legge da INPS alla rivalutazione del montante. Override rispetto al ricalcolo dai livelli di PIL nominale correnti, che risente delle revisioni dei conti nazionali. Ricalcolo di controllo: 0.032709.",25
scenario_carriera_lunga_mista,2010,generica_fpld,FPLD lavoratori dipendenti,Profilo generico,medio,31830.751032708147,31830.751032708147,12.0,100.0,31830.751032708144,0.327,0.33,0.0889,0.23809999999999998,10408.655587695563,10504.147840793688,0.017935,363700.5296020941,inps_aliquote_storiche; istat_pil_nominale_sdmx,stimato_calibrato_su_ral,"Aliquota FPLD ponderata sui giorni dell'anno quando cambia nel corso dell'anno. Per il controfattuale prima del 1996 l'aliquota di computo e' approssimata con l'aliquota di finanziamento FPLD. Tasso ufficiale pubblicato (nota ISTAT/Ministero del Lavoro), quello applicato per legge da INPS alla rivalutazione del montante. Override rispetto al ricalcolo dai livelli di PIL nominale correnti, che risente delle revisioni dei conti nazionali. Ricalcolo di controllo: 0.016819.",26
scenario_carriera_lunga_mista,2011,generica_fpld,FPLD lavoratori dipendenti,Profilo generico,medio,32467.36605336231,32467.36605336231,12.0,100.0,32467.366053362308,0.327,0.33,0.0889,0.23809999999999998,10616.828699449476,10714.230797609562,0.016165,380293.9794607215,inps_aliquote_storiche; istat_pil_nominale_sdmx,stimato_calibrato_su_ral,"Aliquota FPLD ponderata sui giorni dell'anno quando cambia nel corso dell'anno. Per il controfattuale prima del 1996 l'aliquota di computo e' approssimata con l'aliquota di finanziamento FPLD. Tasso ufficiale pubblicato (nota ISTAT/Ministero del Lavoro), quello applicato per legge da INPS alla rivalutazione del montante. Override rispetto al ricalcolo dai livelli di PIL nominale correnti, che risente delle revisioni dei conti nazionali. Ricalcolo di controllo: 0.015379.",27
scenario_carriera_lunga_mista,2012,generica_fpld,FPLD lavoratori dipendenti,Profilo generico,medio,33116.713374429564,33116.713374429564,12.0,100.0,33116.713374429564,0.327,0.33,0.0889,0.23809999999999998,10829.165273438468,10928.515413561756,0.011344,395536.5497772857,inps_aliquote_storiche; istat_pil_nominale_sdmx,stimato_calibrato_su_ral,"Aliquota FPLD ponderata sui giorni dell'anno quando cambia nel corso dell'anno. Per il controfattuale prima del 1996 l'aliquota di computo e' approssimata con l'aliquota di finanziamento FPLD. Tasso ufficiale pubblicato (nota ISTAT/Ministero del Lavoro), quello applicato per legge da INPS alla rivalutazione del montante. Override rispetto al ricalcolo dai livelli di PIL nominale correnti, che risente delle revisioni dei conti nazionali. Ricalcolo di controllo: 0.012200.",28
scenario_carriera_lunga_mista,2013,generica_fpld,FPLD lavoratori dipendenti,Profilo generico,medio,33779.04764191815,33779.04764191815,12.0,100.0,33779.04764191815,0.327,0.33,0.0889,0.23809999999999998,11045.748578907236,11147.08572183299,0.001643,407333.5020504028,inps_aliquote_storiche; istat_pil_nominale_sdmx,stimato_calibrato_su_ral,"Aliquota FPLD ponderata sui giorni dell'anno quando cambia nel corso dell'anno. Per il controfattuale prima del 1996 l'aliquota di computo e' approssimata con l'aliquota di finanziamento FPLD. Tasso ufficiale pubblicato (nota ISTAT/Ministero del Lavoro), quello applicato per legge da INPS alla rivalutazione del montante. Override rispetto al ricalcolo dai livelli di PIL nominale correnti, che risente delle revisioni dei conti nazionali. Ricalcolo di controllo: 0.001375.",29
scenario_carriera_lunga_mista,2014,generica_fpld,FPLD lavoratori dipendenti,Profilo generico,medio,34454.62859475651,34454.62859475651,12.0,100.0,34454.62859475651,0.327,0.33,0.0889,0.23809999999999998,11266.66355048538,11370.02743626965,-0.001927,417918.5978282213,inps_aliquote_storiche; istat_pil_nominale_sdmx,stimato_calibrato_su_ral,"Aliquota FPLD ponderata sui giorni dell'anno quando cambia nel corso dell'anno. Per il controfattuale prima del 1996 l'aliquota di computo e' approssimata con l'aliquota di finanziamento FPLD. Tasso ufficiale pubblicato (nota ISTAT/Ministero del Lavoro), quello applicato per legge da INPS alla rivalutazione del montante. Override rispetto al ricalcolo dai livelli di PIL nominale correnti, che risente delle revisioni dei conti nazionali. Ricalcolo di controllo: -0.002748.",30
scenario_carriera_lunga_mista,2015,generica_fpld,FPLD lavoratori dipendenti,Profilo generico,medio,35143.721166651645,35143.721166651645,12.0,100.0,35143.721166651645,0.327,0.33,0.0889,0.23809999999999998,11491.996821495088,11597.427984995044,0.005058,431629.8580810315,inps_aliquote_storiche; istat_pil_nominale_sdmx,stimato_calibrato_su_ral,"Aliquota FPLD ponderata sui giorni dell'anno quando cambia nel corso dell'anno. Per il controfattuale prima del 1996 l'aliquota di computo e' approssimata con l'aliquota di finanziamento FPLD. Tasso ufficiale pubblicato (nota ISTAT/Ministero del Lavoro), quello applicato per legge da INPS alla rivalutazione del montante. Override rispetto al ricalcolo dai livelli di PIL nominale correnti, che risente delle revisioni dei conti nazionali. Ricalcolo di controllo: 0.006452.",31
scenario_carriera_lunga_mista,2016,generica_fpld,FPLD lavoratori dipendenti,Profilo generico,medio,35846.59558998468,35846.59558998468,12.0,100.0,35846.59558998468,0.327,0.33,0.0889,0.23809999999999998,11721.836757924992,11829.376544694946,0.004684,445480.9888809779,inps_aliquote_storiche; istat_pil_nominale_sdmx,stimato_calibrato_su_ral,"Aliquota FPLD ponderata sui giorni dell'anno quando cambia nel corso dell'anno. Per il controfattuale prima del 1996 l'aliquota di computo e' approssimata con l'aliquota di finanziamento FPLD. Tasso ufficiale pubblicato (nota ISTAT/Ministero del Lavoro), quello applicato per legge da INPS alla rivalutazione del montante. Override rispetto al ricalcolo dai livelli di PIL nominale correnti, che risente delle revisioni dei conti nazionali. Ricalcolo di controllo: 0.005542.",32
scenario_carriera_lunga_mista,2017,generica_fpld,FPLD lavoratori dipendenti,Profilo generico,medio,36563.527501784374,36563.527501784374,12.0,100.0,36563.527501784374,0.327,0.33,0.0889,0.23809999999999998,11956.27349308349,12065.964075588845,0.005205,459865.68150369223,inps_aliquote_storiche; istat_pil_nominale_sdmx,stimato_calibrato_su_ral,"Aliquota FPLD ponderata sui giorni dell'anno quando cambia nel corso dell'anno. Per il controfattuale prima del 1996 l'aliquota di computo e' approssimata con l'aliquota di finanziamento FPLD. Tasso ufficiale pubblicato (nota ISTAT/Ministero del Lavoro), quello applicato per legge da INPS alla rivalutazione del montante. Override rispetto al ricalcolo dai livelli di PIL nominale correnti, che risente delle revisioni dei conti nazionali. Ricalcolo di controllo: 0.005667.",33
scenario_carriera_lunga_mista,2018,generica_fpld,FPLD lavoratori dipendenti,Profilo generico,medio,37294.798051820064,37294.798051820064,12.0,100.0,37294.798051820064,0.327,0.33,0.0889,0.23809999999999998,12195.39896294516,12307.283357100621,0.013478,478371.03451609967,inps_aliquote_storiche; istat_pil_nominale_sdmx,stimato_calibrato_su_ral,"Aliquota FPLD ponderata sui giorni dell'anno quando cambia nel corso dell'anno. Per il controfattuale prima del 1996 l'aliquota di computo e' approssimata con l'aliquota di finanziamento FPLD. Tasso ufficiale pubblicato (nota ISTAT/Ministero del Lavoro), quello applicato per legge da INPS alla rivalutazione del montante. Override rispetto al ricalcolo dai livelli di PIL nominale correnti, che risente delle revisioni dei conti nazionali. Ricalcolo di controllo: 0.013309.",34
scenario_carriera_lunga_mista,2019,generica_fpld,FPLD lavoratori dipendenti,Profilo generico,medio,38040.69401285647,38040.69401285647,12.0,100.0,38040.69401285647,0.327,0.33,0.0889,0.23809999999999998,12439.306942204066,12553.429024242634,0.018254,499656.64840439917,inps_aliquote_storiche; istat_pil_nominale_sdmx,stimato_calibrato_su_ral,"Aliquota FPLD ponderata sui giorni dell'anno quando cambia nel corso dell'anno. Per il controfattuale prima del 1996 l'aliquota di computo e' approssimata con l'aliquota di finanziamento FPLD. Tasso ufficiale pubblicato (nota ISTAT/Ministero del Lavoro), quello applicato per legge da INPS alla rivalutazione del montante. Override rispetto al ricalcolo dai livelli di PIL nominale correnti, che risente delle revisioni dei conti nazionali. Ricalcolo di controllo: 0.018599.",35
scenario_carriera_lunga_mista,2020,generica_fpld,FPLD lavoratori dipendenti,Profilo generico,medio,38801.507893113594,38801.507893113594,12.0,100.0,38801.507893113594,0.327,0.33,0.0889,0.23809999999999998,12688.093081048146,12804.497604727487,0.019199,522054.05400184274,inps_aliquote_storiche; istat_pil_nominale_sdmx,stimato_calibrato_su_ral,"Aliquota FPLD ponderata sui giorni dell'anno quando cambia nel corso dell'anno. Per il controfattuale prima del 1996 l'aliquota di computo e' approssimata con l'aliquota di finanziamento FPLD. Tasso ufficiale pubblicato (nota ISTAT/Ministero del Lavoro), quello applicato per legge da INPS alla rivalutazione del montante. Override rispetto al ricalcolo dai livelli di PIL nominale correnti, che risente delle revisioni dei conti nazionali. Ricalcolo di controllo: 0.019766.",36
scenario_carriera_lunga_mista,2021,generica_fpld,FPLD lavoratori dipendenti,Profilo generico,medio,39577.53805097587,39577.53805097587,12.0,100.0,39577.53805097587,0.327,0.33,0.0889,0.23809999999999998,12941.85494266911,13060.587556822038,-0.000215,535002.3999370544,inps_aliquote_storiche; istat_pil_nominale_sdmx,stimato_calibrato_su_ral,"Aliquota FPLD ponderata sui giorni dell'anno quando cambia nel corso dell'anno. Per il controfattuale prima del 1996 l'aliquota di computo e' approssimata con l'aliquota di finanziamento FPLD. Tasso ufficiale pubblicato (nota ISTAT/Ministero del Lavoro), quello applicato per legge da INPS alla rivalutazione del montante. Override rispetto al ricalcolo dai livelli di PIL nominale correnti, che risente delle revisioni dei conti nazionali. Ricalcolo di controllo: 0.000808.",37
scenario_carriera_lunga_mista,2022,generica_fpld,FPLD lavoratori dipendenti,Profilo generico,medio,40369.08881199538,40369.08881199538,12.0,100.0,40369.08881199538,0.327,0.33,0.0889,0.23809999999999998,13200.69204152249,13321.799307958476,0.009973,553659.7781795851,inps_aliquote_storiche; istat_pil_nominale_sdmx,stimato_calibrato_su_ral,"Aliquota FPLD ponderata sui giorni dell'anno quando cambia nel corso dell'anno. Per il controfattuale prima del 1996 l'aliquota di computo e' approssimata con l'aliquota di finanziamento FPLD. Tasso ufficiale pubblicato (nota ISTAT/Ministero del Lavoro), quello applicato per legge da INPS alla rivalutazione del montante. Override rispetto al ricalcolo dai livelli di PIL nominale correnti, che risente delle revisioni dei conti nazionali. Ricalcolo di controllo: 0.015650.",38
scenario_carriera_lunga_mista,2023,generica_fpld,FPLD lavoratori dipendenti,Profilo generico,medio,41176.470588235294,41176.470588235294,12.0,100.0,41176.470588235294,0.327,0.33,0.0889,0.23809999999999998,13464.705882352942,13588.235294117647,0.023082,580027.5884736439,inps_aliquote_storiche; istat_pil_nominale_sdmx,stimato_calibrato_su_ral,"Aliquota FPLD ponderata sui giorni dell'anno quando cambia nel corso dell'anno. Per il controfattuale prima del 1996 l'aliquota di computo e' approssimata con l'aliquota di finanziamento FPLD. Tasso ufficiale pubblicato (nota ISTAT/Ministero del Lavoro), quello applicato per legge da INPS alla rivalutazione del montante. Override rispetto al ricalcolo dai livelli di PIL nominale correnti, che risente delle revisioni dei conti nazionali. Ricalcolo di controllo: 0.027516.",39
scenario_carriera_lunga_mista,2024,generica_fpld,FPLD lavoratori dipendenti,Profilo generico,medio,42000.0,42000.0,12.0,100.0,42000.0,0.327,0.33,0.0889,0.23809999999999998,13734.0,13860.0,0.036622,615129.3588187256,inps_aliquote_storiche; istat_pil_nominale_sdmx,stimato_calibrato_su_ral,"Aliquota FPLD ponderata sui giorni dell'anno quando cambia nel corso dell'anno. Per il controfattuale prima del 1996 l'aliquota di computo e' approssimata con l'aliquota di finanziamento FPLD. Tasso ufficiale pubblicato (nota ISTAT/Ministero del Lavoro), quello applicato per legge da INPS alla rivalutazione del montante. Override rispetto al ricalcolo dai livelli di PIL nominale correnti, che risente delle revisioni dei conti nazionali. Ricalcolo di controllo: 0.038055.",40
scenario_part_time,1998,generica_fpld,FPLD lavoratori dipendenti,Profilo generico,medio,18000.0,18000.0,10.666666666666666,70.0,11200.0,0.327,0.33,0.0889,0.23809999999999998,3662.4,3696.0,0.053597,3696.0,inps_aliquote_storiche; istat_pil_nominale_sdmx,stimato_calibrato_su_ral,"Aliquota FPLD ponderata sui giorni dell'anno quando cambia nel corso dell'anno. Per il controfattuale prima del 1996 l'aliquota di computo e' approssimata con l'aliquota di finanziamento FPLD. Tasso ufficiale pubblicato (nota ISTAT/Ministero del Lavoro), quello applicato per legge da INPS alla rivalutazione del montante. Override rispetto al ricalcolo dai livelli di PIL nominale correnti, che risente delle revisioni dei conti nazionali. Ricalcolo di controllo: 0.054245.",1
scenario_part_time,1999,generica_fpld,FPLD lavoratori dipendenti,Profilo generico,medio,18357.14546370714,18357.14546370714,10.666666666666666,70.0,11422.223844084443,0.327,0.33,0.0889,0.23809999999999998,3735.067197015613,3769.3338685478666,0.056503,7674.168956547866,inps_aliquote_storiche; istat_pil_nominale_sdmx,stimato_calibrato_su_ral,"Aliquota FPLD ponderata sui giorni dell'anno quando cambia nel corso dell'anno. Per il controfattuale prima del 1996 l'aliquota di computo e' approssimata con l'aliquota di finanziamento FPLD. Tasso ufficiale pubblicato (nota ISTAT/Ministero del Lavoro), quello applicato per legge da INPS alla rivalutazione del montante. Override rispetto al ricalcolo dai livelli di PIL nominale correnti, che risente delle revisioni dei conti nazionali. Ricalcolo di controllo: 0.056587.",2
scenario_part_time,2000,generica_fpld,FPLD lavoratori dipendenti,Profilo generico,medio,18721.377198650203,18721.377198650203,10.666666666666666,70.0,11648.856923604568,0.327,0.33,0.0889,0.23809999999999998,3809.176214018694,3844.1227847895075,0.051781,11915.66788407638,inps_aliquote_storiche; istat_pil_nominale_sdmx,stimato_calibrato_su_ral,"Aliquota FPLD ponderata sui giorni dell'anno quando cambia nel corso dell'anno. Per il controfattuale prima del 1996 l'aliquota di computo e' approssimata con l'aliquota di finanziamento FPLD. Tasso ufficiale pubblicato (nota ISTAT/Ministero del Lavoro), quello applicato per legge da INPS alla rivalutazione del montante. Override rispetto al ricalcolo dai livelli di PIL nominale correnti, che risente delle revisioni dei conti nazionali. Ricalcolo di controllo: 0.051547.",3
scenario_part_time,2001,generica_fpld,FPLD lavoratori dipendenti,Profilo generico,medio,19092.8358064751,19092.8358064751,10.666666666666666,70.0,11879.986724028951,0.327,0.33,0.0889,0.23809999999999998,3884.7556587574672,3920.395618929554,0.047781,16405.40603017499,inps_aliquote_storiche; istat_pil_nominale_sdmx,stimato_calibrato_su_ral,"Aliquota FPLD ponderata sui giorni dell'anno quando cambia nel corso dell'anno. Per il controfattuale prima del 1996 l'aliquota di computo e' approssimata con l'aliquota di finanziamento FPLD. Tasso ufficiale pubblicato (nota ISTAT/Ministero del Lavoro), quello applicato per legge da INPS alla rivalutazione del montante. Override rispetto al ricalcolo dai livelli di PIL nominale correnti, che risente delle revisioni dei conti nazionali. Ricalcolo di controllo: 0.046751.",4
scenario_part_time,2002,generica_fpld,FPLD lavoratori dipendenti,Profilo generico,medio,19471.664678563317,19471.664678563317,10.666666666666666,70.0,12115.702466661618,0.327,0.33,0.0889,0.23809999999999998,3961.8347065983494,3998.1818139983343,0.043698,21120.471276879907,inps_aliquote_storiche; istat_pil_nominale_sdmx,stimato_calibrato_su_ral,"Aliquota FPLD ponderata sui giorni dell'anno quando cambia nel corso dell'anno. Per il controfattuale prima del 1996 l'aliquota di computo e' approssimata con l'aliquota di finanziamento FPLD. Tasso ufficiale pubblicato (nota ISTAT/Ministero del Lavoro), quello applicato per legge da INPS alla rivalutazione del montante. Override rispetto al ricalcolo dai livelli di PIL nominale correnti, che risente delle revisioni dei conti nazionali. Ricalcolo di controllo: 0.045470.",5
scenario_part_time,2003,generica_fpld,FPLD lavoratori dipendenti,Profilo generico,medio,19858.010051384175,19858.010051384175,10.666666666666666,70.0,12356.095143083485,0.327,0.33,0.0889,0.23809999999999998,4040.4431117882996,4077.51139721755,0.041614,26076.889965813538,inps_aliquote_storiche; istat_pil_nominale_sdmx,stimato_calibrato_su_ral,"Aliquota FPLD ponderata sui giorni dell'anno quando cambia nel corso dell'anno. Per il controfattuale prima del 1996 l'aliquota di computo e' approssimata con l'aliquota di finanziamento FPLD. Tasso ufficiale pubblicato (nota ISTAT/Ministero del Lavoro), quello applicato per legge da INPS alla rivalutazione del montante. Override rispetto al ricalcolo dai livelli di PIL nominale correnti, che risente delle revisioni dei conti nazionali. Ricalcolo di controllo: 0.043593.",6
scenario_part_time,2004,generica_fpld,FPLD lavoratori dipendenti,Profilo generico,medio,20252.021062945434,20252.021062945434,10.666666666666666,70.0,12601.257550277158,0.327,0.33,0.0889,0.23809999999999998,4120.61121894063,4158.414991591462,0.039272,31259.396580142427,inps_aliquote_storiche; istat_pil_nominale_sdmx,stimato_calibrato_su_ral,"Aliquota FPLD ponderata sui giorni dell'anno quando cambia nel corso dell'anno. Per il controfattuale prima del 1996 l'aliquota di computo e' approssimata con l'aliquota di finanziamento FPLD. Tasso ufficiale pubblicato (nota ISTAT/Ministero del Lavoro), quello applicato per legge da INPS alla rivalutazione del montante. Override rispetto al ricalcolo dai livelli di PIL nominale correnti, che risente delle revisioni dei conti nazionali. Ricalcolo di controllo: 0.041624.",7
scenario_part_time,2005,generica_fpld,FPLD lavoratori dipendenti,Profilo generico,medio,20653.8498103639,20653.8498103639,10.666666666666666,70.0,12851.284326448646,0.327,0.33,0.0889,0.23809999999999998,4202.369974748707,4240.923827728053,0.040506,36766.51352574573,inps_aliquote_storiche; istat_pil_nominale_sdmx,stimato_calibrato_su_ral,"Aliquota FPLD ponderata sui giorni dell'anno quando cambia nel corso dell'anno. Per il controfattuale prima del 1996 l'aliquota di computo e' approssimata con l'aliquota di finanziamento FPLD. Tasso ufficiale pubblicato (nota ISTAT/Ministero del Lavoro), quello applicato per legge da INPS alla rivalutazione del montante. Override rispetto al ricalcolo dai livelli di PIL nominale correnti, che risente delle revisioni dei conti nazionali. Ricalcolo di controllo: 0.043560.",8
scenario_part_time,2006,generica_fpld,FPLD lavoratori dipendenti,Profilo generico,medio,21063.65140857835,21063.65140857835,10.666666666666666,70.0,13106.271987559861,0.327,0.33,0.0889,0.23809999999999998,4285.750939932075,4325.069755894754,0.035386,42392.60312926251,inps_aliquote_storiche; istat_pil_nominale_sdmx,stimato_calibrato_su_ral,"Aliquota FPLD ponderata sui giorni dell'anno quando cambia nel corso dell'anno. Per il controfattuale prima del 1996 l'aliquota di computo e' approssimata con l'aliquota di finanziamento FPLD. Tasso ufficiale pubblicato (nota ISTAT/Ministero del Lavoro), quello applicato per legge da INPS alla rivalutazione del montante. Override rispetto al ricalcolo dai livelli di PIL nominale correnti, che risente delle revisioni dei conti nazionali. Ricalcolo di controllo: 0.037883.",9
scenario_part_time,2007,generica_fpld,FPLD lavoratori dipendenti,Profilo generico,medio,21481.584050227364,21481.584050227364,10.666666666666666,70.0,13366.318964585915,0.327,0.33,0.0889,0.23809999999999998,4370.786301419595,4410.885258313352,0.033937,48242.166159973654,inps_aliquote_storiche; istat_pil_nominale_sdmx,stimato_calibrato_su_ral,"Aliquota FPLD ponderata sui giorni dell'anno quando cambia nel corso dell'anno. Per il controfattuale prima del 1996 l'aliquota di computo e' approssimata con l'aliquota di finanziamento FPLD. Tasso ufficiale pubblicato (nota ISTAT/Ministero del Lavoro), quello applicato per legge da INPS alla rivalutazione del montante. Override rispetto al ricalcolo dai livelli di PIL nominale correnti, che risente delle revisioni dei conti nazionali. Ricalcolo di controllo: 0.035749.",10
scenario_part_time,2008,generica_fpld,FPLD lavoratori dipendenti,Profilo generico,medio,21907.809066715272,21907.809066715272,10.666666666666666,70.0,13631.525641511724,0.327,0.33,0.0889,0.23809999999999998,4457.508884774334,4498.403461698869,0.034625,54410.95462496161,inps_aliquote_storiche; istat_pil_nominale_sdmx,stimato_calibrato_su_ral,"Aliquota FPLD ponderata sui giorni dell'anno quando cambia nel corso dell'anno. Per il controfattuale prima del 1996 l'aliquota di computo e' approssimata con l'aliquota di finanziamento FPLD. Tasso ufficiale pubblicato (nota ISTAT/Ministero del Lavoro), quello applicato per legge da INPS alla rivalutazione del montante. Override rispetto al ricalcolo dai livelli di PIL nominale correnti, che risente delle revisioni dei conti nazionali. Ricalcolo di controllo: 0.036510.",11
scenario_part_time,2009,generica_fpld,FPLD lavoratori dipendenti,Profilo generico,medio,22342.49099048969,22342.49099048969,10.666666666666666,70.0,13901.994394082472,0.327,0.33,0.0889,0.23809999999999998,4545.952166864969,4587.658150047216,0.033201,60805.110879512176,inps_aliquote_storiche; istat_pil_nominale_sdmx,stimato_calibrato_su_ral,"Aliquota FPLD ponderata sui giorni dell'anno quando cambia nel corso dell'anno. Per il controfattuale prima del 1996 l'aliquota di computo e' approssimata con l'aliquota di finanziamento FPLD. Tasso ufficiale pubblicato (nota ISTAT/Ministero del Lavoro), quello applicato per legge da INPS alla rivalutazione del montante. Override rispetto al ricalcolo dai livelli di PIL nominale correnti, che risente delle revisioni dei conti nazionali. Ricalcolo di controllo: 0.032709.",12
scenario_part_time,2010,generica_fpld,FPLD lavoratori dipendenti,Profilo generico,medio,22785.79761855475,22785.79761855475,10.666666666666666,70.0,14177.829629322952,0.327,0.33,0.0889,0.23809999999999998,4636.150288788605,4678.683777676574,0.017935,66574.3343208128,inps_aliquote_storiche; istat_pil_nominale_sdmx,stimato_calibrato_su_ral,"Aliquota FPLD ponderata sui giorni dell'anno quando cambia nel corso dell'anno. Per il controfattuale prima del 1996 l'aliquota di computo e' approssimata con l'aliquota di finanziamento FPLD. Tasso ufficiale pubblicato (nota ISTAT/Ministero del Lavoro), quello applicato per legge da INPS alla rivalutazione del montante. Override rispetto al ricalcolo dai livelli di PIL nominale correnti, che risente delle revisioni dei conti nazionali. Ricalcolo di controllo: 0.016819.",13
scenario_part_time,2011,generica_fpld,FPLD lavoratori dipendenti,Profilo generico,medio,23237.900077244514,23237.900077244514,10.666666666666666,70.0,14459.137825841031,0.327,0.33,0.0889,0.23809999999999998,4728.138069050017,4771.51548252754,0.016165,72422.02391763628,inps_aliquote_storiche; istat_pil_nominale_sdmx,stimato_calibrato_su_ral,"Aliquota FPLD ponderata sui giorni dell'anno quando cambia nel corso dell'anno. Per il controfattuale prima del 1996 l'aliquota di computo e' approssimata con l'aliquota di finanziamento FPLD. Tasso ufficiale pubblicato (nota ISTAT/Ministero del Lavoro), quello applicato per legge da INPS alla rivalutazione del montante. Override rispetto al ricalcolo dai livelli di PIL nominale correnti, che risente delle revisioni dei conti nazionali. Ricalcolo di controllo: 0.015379.",14
scenario_part_time,2012,generica_fpld,FPLD lavoratori dipendenti,Profilo generico,medio,23698.972888281605,23698.972888281605,10.666666666666666,70.0,14746.027574930777,0.327,0.33,0.0889,0.23809999999999998,4821.951017002364,4866.189099727157,0.011344,78109.76845668511,inps_aliquote_storiche; istat_pil_nominale_sdmx,stimato_calibrato_su_ral,"Aliquota FPLD ponderata sui giorni dell'anno quando cambia nel corso dell'anno. Per il controfattuale prima del 1996 l'aliquota di computo e' approssimata con l'aliquota di finanziamento FPLD. Tasso ufficiale pubblicato (nota ISTAT/Ministero del Lavoro), quello applicato per legge da INPS alla rivalutazione del montante. Override rispetto al ricalcolo dai livelli di PIL nominale correnti, che risente delle revisioni dei conti nazionali. Ricalcolo di controllo: 0.012200.",15
scenario_part_time,2013,generica_fpld,FPLD lavoratori dipendenti,Profilo generico,medio,24169.19403614651,24169.19403614651,10.666666666666666,70.0,15038.60962249116,0.327,0.33,0.0889,0.23809999999999998,4917.62534655461,4962.741175422083,0.001643,83200.84398168152,inps_aliquote_storiche; istat_pil_nominale_sdmx,stimato_calibrato_su_ral,"Aliquota FPLD ponderata sui giorni dell'anno quando cambia nel corso dell'anno. Per il controfattuale prima del 1996 l'aliquota di computo e' approssimata con l'aliquota di finanziamento FPLD. Tasso ufficiale pubblicato (nota ISTAT/Ministero del Lavoro), quello applicato per legge da INPS alla rivalutazione del montante. Override rispetto al ricalcolo dai livelli di PIL nominale correnti, che risente delle revisioni dei conti nazionali. Ricalcolo di controllo: 0.001375.",16
scenario_part_time,2014,generica_fpld,FPLD lavoratori dipendenti,Profilo generico,medio,24648.74503678359,24648.74503678359,10.666666666666666,70.0,15336.996911776456,0.327,0.33,0.0889,0.23809999999999998,5015.197990150901,5061.208980886231,-0.001927,88101.72493621506,inps_aliquote_storiche; istat_pil_nominale_sdmx,stimato_calibrato_su_ral,"Aliquota FPLD ponderata sui giorni dell'anno quando cambia nel corso dell'anno. Per il controfattuale prima del 1996 l'aliquota di computo e' approssimata con l'aliquota di finanziamento FPLD. Tasso ufficiale pubblicato (nota ISTAT/Ministero del Lavoro), quello applicato per legge da INPS alla rivalutazione del montante. Override rispetto al ricalcolo dai livelli di PIL nominale correnti, che risente delle revisioni dei conti nazionali. Ricalcolo di controllo: -0.002748.",17
scenario_part_time,2015,generica_fpld,FPLD lavoratori dipendenti,Profilo generico,medio,25137.811007670316,25137.811007670316,10.666666666666666,70.0,15641.304626994863,0.327,0.33,0.0889,0.23809999999999998,5114.706613027321,5161.630526908305,0.005058,93708.97398785075,inps_aliquote_storiche; istat_pil_nominale_sdmx,stimato_calibrato_su_ral,"Aliquota FPLD ponderata sui giorni dell'anno quando cambia nel corso dell'anno. Per il controfattuale prima del 1996 l'aliquota di computo e' approssimata con l'aliquota di finanziamento FPLD. Tasso ufficiale pubblicato (nota ISTAT/Ministero del Lavoro), quello applicato per legge da INPS alla rivalutazione del montante. Override rispetto al ricalcolo dai livelli di PIL nominale correnti, che risente delle revisioni dei conti nazionali. Ricalcolo di controllo: 0.006452.",18
scenario_part_time,2016,generica_fpld,FPLD lavoratori dipendenti,Profilo generico,medio,25636.58073927681,25636.58073927681,10.666666666666666,70.0,15951.650237772235,0.327,0.33,0.0889,0.23809999999999998,5216.189627751522,5264.044578464838,0.004684,99411.95140047467,inps_aliquote_storiche; istat_pil_nominale_sdmx,stimato_calibrato_su_ral,"Aliquota FPLD ponderata sui giorni dell'anno quando cambia nel corso dell'anno. Per il controfattuale prima del 1996 l'aliquota di computo e' approssimata con l'aliquota di finanziamento FPLD. Tasso ufficiale pubblicato (nota ISTAT/Ministero del Lavoro), quello applicato per legge da INPS alla rivalutazione del montante. Override rispetto al ricalcolo dai livelli di PIL nominale correnti, che risente delle revisioni dei conti nazionali. Ricalcolo di controllo: 0.005542.",19
scenario_part_time,2017,generica_fpld,FPLD lavoratori dipendenti,Profilo generico,medio,26145.24676794318,26145.24676794318,10.666666666666666,70.0,16268.153544497976,0.327,0.33,0.0889,0.23809999999999998,5319.686209050838,5368.490669684333,0.005205,105297.88127719848,inps_aliquote_storiche; istat_pil_nominale_sdmx,stimato_calibrato_su_ral,"Aliquota FPLD ponderata sui giorni dell'anno quando cambia nel corso dell'anno. Per il controfattuale prima del 1996 l'aliquota di computo e' approssimata con l'aliquota di finanziamento FPLD. Tasso ufficiale pubblicato (nota ISTAT/Ministero del Lavoro), quello applicato per legge da INPS alla rivalutazione del montante. Override rispetto al ricalcolo dai livelli di PIL nominale correnti, che risente delle revisioni dei conti nazionali. Ricalcolo di controllo: 0.005667.",20
scenario_part_time,2018,generica_fpld,FPLD lavoratori dipendenti,Profilo generico,medio,26664.005450202883,26664.005450202883,10.666666666666666,70.0,16590.93672457068,0.327,0.33,0.0889,0.23809999999999998,5425.236308934613,5475.009119108326,0.013478,112192.0952401609,inps_aliquote_storiche; istat_pil_nominale_sdmx,stimato_calibrato_su_ral,"Aliquota FPLD ponderata sui giorni dell'anno quando cambia nel corso dell'anno. Per il controfattuale prima del 1996 l'aliquota di computo e' approssimata con l'aliquota di finanziamento FPLD. Tasso ufficiale pubblicato (nota ISTAT/Ministero del Lavoro), quello applicato per legge da INPS alla rivalutazione del montante. Override rispetto al ricalcolo dai livelli di PIL nominale correnti, che risente delle revisioni dei conti nazionali. Ricalcolo di controllo: 0.013309.",21
scenario_part_time,2019,generica_fpld,FPLD lavoratori dipendenti,Profilo generico,medio,27193.05703858079,27193.05703858079,10.666666666666666,70.0,16920.12437956138,0.327,0.33,0.0889,0.23809999999999998,5532.880672116572,5583.641045255256,0.018254,119823.69079193004,inps_aliquote_storiche; istat_pil_nominale_sdmx,stimato_calibrato_su_ral,"Aliquota FPLD ponderata sui giorni dell'anno quando cambia nel corso dell'anno. Per il controfattuale prima del 1996 l'aliquota di computo e' approssimata con l'aliquota di finanziamento FPLD. Tasso ufficiale pubblicato (nota ISTAT/Ministero del Lavoro), quello applicato per legge da INPS alla rivalutazione del montante. Override rispetto al ricalcolo dai livelli di PIL nominale correnti, che risente delle revisioni dei conti nazionali. Ricalcolo di controllo: 0.018599.",22
scenario_part_time,2020,generica_fpld,FPLD lavoratori dipendenti,Profilo generico,medio,27732.605758895163,27732.605758895163,10.666666666666666,70.0,17255.843583312544,0.327,0.33,0.0889,0.23809999999999998,5642.660851743202,5694.42838249314,0.019199,127818.61421393744,inps_aliquote_storiche; istat_pil_nominale_sdmx,stimato_calibrato_su_ral,"Aliquota FPLD ponderata sui giorni dell'anno quando cambia nel corso dell'anno. Per il controfattuale prima del 1996 l'aliquota di computo e' approssimata con l'aliquota di finanziamento FPLD. Tasso ufficiale pubblicato (nota ISTAT/Ministero del Lavoro), quello applicato per legge da INPS alla rivalutazione del montante. Override rispetto al ricalcolo dai livelli di PIL nominale correnti, che risente delle revisioni dei conti nazionali. Ricalcolo di controllo: 0.019766.",23
scenario_part_time,2021,generica_fpld,FPLD lavoratori dipendenti,Profilo generico,medio,28282.85988909338,28282.85988909338,10.666666666666666,70.0,17598.223930991433,0.327,0.33,0.0889,0.23809999999999998,5754.619225434199,5807.413897227173,-0.000215,133598.54710910862,inps_aliquote_storiche; istat_pil_nominale_sdmx,stimato_calibrato_su_ral,"Aliquota FPLD ponderata sui giorni dell'anno quando cambia nel corso dell'anno. Per il controfattuale prima del 1996 l'aliquota di computo e' approssimata con l'aliquota di finanziamento FPLD. Tasso ufficiale pubblicato (nota ISTAT/Ministero del Lavoro), quello applicato per legge da INPS alla rivalutazione del montante. Override rispetto al ricalcolo dai livelli di PIL nominale correnti, che risente delle revisioni dei conti nazionali. Ricalcolo di controllo: 0.000808.",24
scenario_part_time,2022,generica_fpld,FPLD lavoratori dipendenti,Profilo generico,medio,28844.031839651954,28844.031839651954,10.666666666666666,70.0,17947.39758911677,0.327,0.33,0.0889,0.23809999999999998,5868.799011641184,5922.641204408534,0.009973,140853.56662383632,inps_aliquote_storiche; istat_pil_nominale_sdmx,stimato_calibrato_su_ral,"Aliquota FPLD ponderata sui giorni dell'anno quando cambia nel corso dell'anno. Per il controfattuale prima del 1996 l'aliquota di computo e' approssimata con l'aliquota di finanziamento FPLD. Tasso ufficiale pubblicato (nota ISTAT/Ministero del Lavoro), quello applicato per legge da INPS alla rivalutazione del montante. Override rispetto al ricalcolo dai livelli di PIL nominale correnti, che risente delle revisioni dei conti nazionali. Ricalcolo di controllo: 0.015650.",25
scenario_part_time,2023,generica_fpld,FPLD lavoratori dipendenti,Profilo generico,medio,29416.33823557173,29416.33823557173,10.666666666666666,70.0,18303.499346577963,0.327,0.33,0.0889,0.23809999999999998,5985.244286330994,6040.154784370728,0.023082,150144.90343301845,inps_aliquote_storiche; istat_pil_nominale_sdmx,stimato_calibrato_su_ral,"Aliquota FPLD ponderata sui giorni dell'anno quando cambia nel corso dell'anno. Per il controfattuale prima del 1996 l'aliquota di computo e' approssimata con l'aliquota di finanziamento FPLD. Tasso ufficiale pubblicato (nota ISTAT/Ministero del Lavoro), quello applicato per legge da INPS alla rivalutazione del montante. Override rispetto al ricalcolo dai livelli di PIL nominale correnti, che risente delle revisioni dei conti nazionali. Ricalcolo di controllo: 0.027516.",26
scenario_part_time,2024,generica_fpld,FPLD lavoratori dipendenti,Profilo generico,medio,30000.0,30000.0,10.666666666666666,70.0,18666.666666666668,0.327,0.33,0.0889,0.23809999999999998,6104.000000000001,6160.000000000001,0.036622,161803.51008654243,inps_aliquote_storiche; istat_pil_nominale_sdmx,stimato_calibrato_su_ral,"Aliquota FPLD ponderata sui giorni dell'anno quando cambia nel corso dell'anno. Per il controfattuale prima del 1996 l'aliquota di computo e' approssimata con l'aliquota di finanziamento FPLD. Tasso ufficiale pubblicato (nota ISTAT/Ministero del Lavoro), quello applicato per legge da INPS alla rivalutazione del montante. Override rispetto al ricalcolo dai livelli di PIL nominale correnti, che risente delle revisioni dei conti nazionali. Ricalcolo di controllo: 0.038055.",27
